{
  "openneuro_ds000245": {
    "source": "OpenNeuro ds000245 - Parkinson's disease fMRI",
    "n_participants": 45,
    "groups": {
      "controls": {
        "n": 15,
        "mmse_mean": 29.466666666666665,
        "acer_mean": 97.26666666666667,
        "ositj_mean": 10.4,
        "phi_E_target": 0.01777777777777778,
        "psi_D_target": 0.8666666666666667
      },
      "pd_no_dementia": {
        "n": 15,
        "mmse_mean": 29.066666666666666,
        "acer_mean": 95.8,
        "ositj_mean": 7.466666666666667,
        "phi_E_target": 0.03111111111111109,
        "psi_D_target": 0.6222222222222222
      },
      "pd_with_dementia": {
        "n": 15,
        "mmse_mean": 29.133333333333333,
        "acer_mean": 93.66666666666667,
        "ositj_mean": 1.7333333333333334,
        "phi_E_target": 0.028888888888888853,
        "psi_D_target": 0.14444444444444446
      }
    },
    "calibrated_parameters": {
      "D_Q_healthy": 0.005,
      "D_Q_degenerative": 0.008124999999999988
    }
  },
  "pubchem_trv130": {
    "source": "PubChem CID 66553195 - TRV130 (Oliceridine)",
    "cid": 66553195,
    "molecular_formula": "C22H30N2O2S",
    "molecular_weight": 386.6,
    "smiles": "COC1=C(SC=C1)CNCCC2(CCOC3(C2)CCCC3)C4=CC=CC=N4",
    "binding_affinities": {
      "MOR_Ki_nM": 5.0,
      "CB2_Ki_nM_estimated": 50.0
    },
    "calibrated_parameters": {
      "alpha_D": 0.6666666666666666,
      "alpha_A": 0.16666666666666666,
      "beta_E": 0.2692331027035526
    }
  },
  "simulation_parameters": {
    "healthy": {
      "D_Q": 0.005,
      "alpha_D": 0.15,
      "alpha_A": 0.2,
      "beta_E": 0.3,
      "phi_E_target": 0.01777777777777778,
      "psi_D_target": 0.8666666666666667
    },
    "degenerative": {
      "D_Q": 0.008124999999999988,
      "alpha_D": 0.1,
      "alpha_A": 0.05,
      "beta_E": 0.8,
      "phi_E_target": 0.028888888888888853,
      "psi_D_target": 0.14444444444444446
    },
    "ren01": {
      "D_Q": 0.005,
      "alpha_D": 0.6666666666666666,
      "alpha_A": 0.16666666666666666,
      "beta_E": 0.2692331027035526,
      "phi_E_target": 0.01777777777777778,
      "psi_D_target": 0.8666666666666667
    }
  }
}